<?xml version="1.0" encoding="UTF-8" standalone="yes"?>
<addon id="repository.devils.repo" name="[COLOR orange][B]Devils Repository[/B][/COLOR]" version="1.0.0" provider-name="Retro Devils">
    <extension point="xbmc.addon.repository" name="[COLOR orange][B]Devils Repo[/B][/COLOR]">
        <dir minversion="18.0" maxversion="18.9.0">
            <info compressed="false">https://github.com/Retro-Devils/Devils-Advocate/tree/main/leia/zips/addons.xml</info>
            <checksum>https://github.com/Retro-Devils/Devils-Advocate/tree/main/leia/zips/addons.xml.md5</checksum>
            <datadir zip="true">https://github.com/Retro-Devils/Devils-Advocate/tree/main/leia/zips/</datadir>
        </dir>
        <dir minversion="18.9.9">
            <info compressed="false">https://github.com/Retro-Devils/Devils-Advocate/tree/main/matrix/zips/addons.xml</info>
            <checksum>https://github.com/Retro-Devils/Devils-Advocate/tree/main/matrix/zips/addons.xml.md5</checksum>
            <datadir zip="true">https://github.com/Retro-Devils/Devils-Advocate/tree/main/matrix/zips/</datadir>
        </dir>
    </extension>
    
    <extension point="xbmc.addon.metadata">
        <summary>[COLOR orange][B]Devils Repo Wizard[/B][/COLOR]</summary>
        <description>The Retro Devils present Devils Repo Wizard   A tool for making kodi into a retro frontend with ease.</description>
        <disclaimer></disclaimer>
        <platform>all</platform>
        <assets>
            <icon>icon.png</icon>
            <fanart>fanart.jpg</fanart>
        </assets>
        <source>https://github.com/Retro-Devils/Devils-Advocate/tree/main/zips/repository.devils.repo/</source>
    </extension>
</addon>
