<?xml version="1.0" encoding="UTF-8" standalone="yes"?>
<addon id="plugin.program.devilsrepo" name="[COLOR orange]Devils Wizard [/COLOR]" version="1.0.0" provider-name="Retro Devils">
    <requires>
        <import addon="xbmc.python" version="3.0.0" />
        <import addon="script.module.requests" />
        <import addon="script.module.six" />
        <import addon="script.kodi.android.update" optional="true" version="1.1.7" />
        <import addon="script.speedtester" optional="true" version="1.1.2" />
    </requires>
    
    <extension point="xbmc.python.pluginsource" library="default.py">
        <provides>executable</provides>
    </extension>
    
    <extension point="xbmc.service" library="startup.py" start="startup" />
    
    <extension point="xbmc.addon.metadata">
        <summary lang="en">[COLOR orange]Devils Wizard[/COLOR]</summary>
        <description lang="en">[COLOR orange]Devils Wizard [/COLOR]offers many maintenance features, selective add-on data saving, and automated build installs.</description>
        <platform>all</platform>
        <reuselanguageinvoker>false</reuselanguageinvoker>
        <source>https://github.com/Retro-Devils/Devils-Advocate/tree/main/zips/repository.devilsrepo/</source>
        <news>
2.0.7
 - Initial Commit
        </news>
        <assets>
            <icon>icon.jpg</icon>
            <fanart>fanart.jpg</fanart>
        </assets>
    </extension>
</addon>
